{
  "test_accuracy": 0.5859571099281311,
  "test_loss": 1.0746209621429443
}